Nama Produk;Harga Produk;Penilaian;Total Penjualan
"Macbook Pro 13"" Retina 2015 MF839 MGX72 2014 not MF840 MF841 - mf839";Rp8.500.000;5.0;Terjual 5
"Macbook Pro 13"" RAM8GB Retina Display MD212 not ME864 MGX72 MF839";Rp8.075.000;4.8;Terjual 9
"Macbook Pro Retina 13"" Late 2013 ME864 NOT ME865 MF839 Non Touchbar";Rp5.580.000;5.0;Terjual 6
Macbook pro retina 2017 i5 2.3Ghz 16/512 13 inch non touchbar MPXQ2 - RAM8 SSD256GB;Rp7.750.000;4.9;Terjual 50+
Apple MacBook Air M1 Chip 2020 256GB / 512GB SPACE GRAY GOLD SILVER - GOLD CPO 256GB;Rp11.699.00;4.9;Terjual 3 rb+
Macbook Air Retina 12 2016 Intel Core M3 RAM 8GB SSD 256;Rp5.850.000;0;0
Apple Macbook Air 13inch M1 2021 - Garansi Resmi;Rp11.931.000;5.0;Terjual 250+
Apple MacBook Air 2020 2021 13 inch M1 Chip 8 Core CPU / 7 Core GPU;Rp11.465.000;5.0;Terjual 250+
Apple Macbook Air 13inch M1 2021 - Garansi Resmi;Rp11.931.000;5.0;Terjual 250+
[RESMI IBOX] Apple MacBook Air M1 Chip 2020 256GB 8GB Garansi resmi;Rp12.149.000;5.0;Terjual 500+
Apple Macbook Air 2020 M1 Chip 13 inch 512GB Touch ID Grey Silver Gold;Rp12.260.000;5.0;Terjual 2 rb+
Apple Macbook Air 2020 M1 Chip 256GB SSD 8GB GARANSI RESMI IBOX;Rp12.199.000;4.9;Terjual 1 rb+
Apple Macbook Air 2020 13 M1 Chip MGN63ID 8C CPU 8GB 256ssd 7C GPU OS;Rp12.199.000;4.9;Terjual 250+
"MacBook Air 2022 M2 Chip 13"" Inch 512GB 256GB RAM 8GB Apple IBOX";Rp16.950.000;4.9;Terjual 1 rb+
"NEW Apple Macbook Air 2022 M2 Chip 13"" 8GB 256GB SSD MLXW3 MLXY3 MLY13";Rp15.099.000;5.0;Terjual 500+
"Macbook Pro M1 Pro Max 2021 1TB 512GB SSD 16"" & 14"" Inch RAM 32GB 16GB";Rp24.870.000;4.9;Terjual 750+
"MacBook Pro 2022 M2 Chip 13"" Inch 512GB 256GB RAM 8GB Grey Silver IBOX";Rp18.705.000;5.0;Terjual 750+
"Apple Macbook Air M1 256 GB/13""/8GB - Garansi Resmi iBox";Rp11.789.000;5.0;Terjual 750+
"Apple MacBook Air 2017 i5 13"" 8GB RAM 256GB SSD Ori Box & Charger GR-B";Rp4.099.000;5.0;Terjual 50+
Macbook Pro 2012 13inch Intel Core i5 8GB 128GB 256GB 512GB;Rp3.350.000;4.9;Terjual 21
"Macbook Pro 2021 13"" M1 Chip 256GB 512GB 8GB Space Grey Silver 256 512";Rp14.580.000;5.0;Terjual 1 rb+
"MacBook Air 2022 M2 Chip 13"" Inch 512GB 256GB RAM 8GB Apple IBOX";Rp16.950.000;4.9;Terjual 1 rb+
"Macbook Pro 2017 13"" Dual Core i5 8GB 128GB 256GB 512GB Non Touchbar";Rp7.599.000;5.0;Terjual 14
"Apple MacBook Pro 2023 M2 Pro Max 14"" RAM 32GB 16GB SSD 1TB 512GB";Rp29.385.000;5.0;Terjual 100+
Apple MacBook Pro 2021 14 Inch M1 Pro 512GB 1TB MKGP3 MKGR3 MKGQ3;Rp26.499.000;4.9;Terjual 500+
Apple Macbook Pro 2020 M1 8GB 512GB SSD MYD92 MYDC2 Gray Silver Resmi;Rp14.640.000;5.0;Terjual 250+
(RESMI IBOX) MacBook Air M2 2022/2023 256GB 512GB Chip Terbaru M2;Rp12.249.000;5.0;Terjual 750+
MacBook Pro 2020 Apple M1 Chip CPO 13 inch 8GB 256GB/512GB SSD;Rp14.548.999;5.0;Terjual 50+
New Macbook Pro M2 Chip 2022 8GB 512GB MNEH3 MNEP3 MNEJ3 MNEQ3 IBOX;Rp19.974.980;4.9;Terjual 500+
"NEW Apple Macbook Air 2022 M2 Chip 13"" 8GB 256GB SSD MLXW3 MLXY3 MLY13";Rp16.948.980;5.0;Terjual 250+
"MacBook Air 13"" 2017 Core i5 1.8GHz Memory 8GB SSD 128GB ORI";Rp3.895.000;5.0;Terjual 8
Apple MACBOOK AIR 2020 M1 CHIP 256GB RAM 8GB Garansi IBOX;Rp12.149.000;5.0;Terjual 750+
SPECIAL REQUEST CUSTOMER STUDIO PONSEL - LAPTOP MACBOOK;Rp3.000.000;4.9;Terjual 100+
New Macbook Air M2 Chip 2022 13 inch 256GB/512GB Midnight IBOX;Rp15.429.000;5.0;Terjual 500+
"MacBook Pro 2022 M2 Chip 13"" Inch 512GB 256GB RAM 8GB Grey Silver IBOX - 256GB INTER SILVER";Rp18.705.00;5.0;Terjual 750+
Macbook air 13 2018 Core i5 8/128 retina 13 inch mulus good condition;Rp7.250.000;5.0;Terjual 3
Macbook Air 2020 13 inch M1 Chip 8 Core 8GB/ 256GB Touch ID - 256GB Spacegrey CPO;Rp11.555.000;5.0;Terjual 11
Macbook pro 2015 13 Core i5 RAM16 SSD256 Best Retina 13 inch 2015;Rp5.750.000;5.0;Terjual 1
"MacBook Air 2022 M2 Chip 13"" Inch 512GB 256GB RAM 8GB Apple IBOX";Rp16.949.000;5.0;Terjual 250+
Apple MacBook Air 2022 M2 Chip 13 Inch 256GB 512GB Midnight Grey IBOX;Rp15.449.000;5.0;Terjual 250+
New Macbook Air M2 Chip 2022 13 inch 256GB/512GB Midnight IBOX;Rp15.429.000;5.0;Terjual 500+
"Macbook Air 2021 13"" M1 Chip 256GB 512GB Grey Gold Silver 256 512 GB";Rp12.199.000;5.0;Terjual 1 rb+
MacBook Air 2022 M2 13 Inch 1TB 512GB 256GB SSD RAM 16GB;Rp22.799.000;5.0;Terjual 250+
"Macbook Pro M2 Pro Max 2023 1TB 512GB SSD 16"" & 14"" Inch RAM 32GB 16GB";Rp29.299.000;5.0;Terjual 100+
MACBOOK AIR 13 M2 8C CPU 8GB 256SSD 8C GPU OS X RESMI IBOX INDONESIA;Rp16.999.000;4.9;Terjual 100+
Apple MacBook Pro 2020 CPO M1 Chip 8GB 13 inch GRAY SILVER;Rp14.549.000;5.0;Terjual 40+
Macbook Air M2 2022 Midnight Grey Silver Starlight 256GB 512GB Resmi;Rp16.440.000;5.0;Terjual 100+
"Macbook Pro M2 Pro Max 2023 1TB 512GB SSD 16"" & 14"" Inch RAM 32GB 16GB";Rp29.298.980;5.0;Terjual 100+
"IBOX APPLE MACBOOK AIR 13 M2 Chip 8C CPU 8GB 512SSD 8C GPU OS X 13""";Rp16.999.000;4.9;Terjual 90+
"Macbook Pro M1 Pro Max 2021 1TB 512GB SSD 16"" Inch RAM 64GB 32GB 16GB";Rp26.498.980;5.0;Terjual 100+
Apple MacBook Pro M2 Pro M2 Max 2023 14 | 16 Inch 16GB 32GB 512GB 1TB;Rp28.749.000;5.0;Terjual 60+
MacBook Air 2022 M2 13 Inch CTO 1TB 512GB 256GB RAM 16GB Grey Midnight;Rp22.799.000;5.0;Terjual 90+
"Macbook Pro 13"" M2 2022 8core CPU 10core GPU 8GB 256GB/512GB";Rp18.649.000;5.0;Terjual 500+
Apple Macbook Air 2020 M1 Chip 512GB Space Gray Gold Silver 256GB;Rp11.690.000;4.9;Terjual 3 rb+
Apple Macbook Air 2020 M1 Chip 13 inch 512GB Grey Silver Gold 256GB;Rp12.260.000;4.9;Terjual 1 rb+
(RESMI IBOX) MacBook Pro M2 2022/2023 256GB 512GB Chip Terbaru;Rp18.549.000;5.0;Terjual 100+
"MacBook Pro Retina 13"" Early 2015 MF840 i5|8GB|256GB";Rp6.800.000;5.0;Terjual 100+
"Apple Macbook Pro 2020 M1 13"" Inch 8GB 512GB 256GB SSD CPO Grey Silver";Rp14.640.000;4.9;Terjual 40+
Apple Macbook Air 2020 M1 Chip 13 inch Touch ID 512GB Grey Silver Gold;Rp12.225.000;5.0;Terjual 250+
Apple Macbook Pro M1 2020 256GB 512Gb Grey Silver 13 Inch;Rp14.548.999;4.9;Terjual 500+
Apple MacBook Air M1 Chip 2020 256GB / 512GB SPACE GRAYGOLD SILVER;Rp11.699.000;4.9;Terjual 3 rb+
Macbook Pro 2020 M1 Chip 512GB MYD82 Space Gray Silver 256GB MYD92;Rp14.599.000;4.9;Terjual 1 rb+
"Apple Macbook Pro 2021 14"" inch M1 Pro Chip 512GB 1TB 16GB GRAY SILVER";Rp24.999.000;5.0;Terjual 500+
Apple Macbook Air M2 2022 13 6inch - Garansi Resmi iBox Apple Indo;Rp18.199.000;5.0;Terjual 100+
"MacBook Pro M1 Chip 13"" 8GB 512GB 256GB Space Grey Silver IBOX";Rp14.640.000;4.9;Terjual 100+
"Apple MacBook Air M2 Chip 2022 13"" 256GB / 512GB Midnight Silver";Rp16.399.000;4.9;Terjual 250+
"Apple MacBook Pro M2 Chip 2022 13"" 256GB / 512GB SPACE GRAY SILVER";Rp16.999.000;4.9;Terjual 100+
New MacBook Air 2020 13 inch M1 Chip 8 Core CPU/ 7 Core GPU/ 256GB SSD;Rp12.179.000;5.0;Terjual 3 rb+
"Macbook Pro 2021 13"" M1 Chip 256GB 512GB 8GB Space Grey Silver 256 512";Rp14.580.000;5.0;Terjual 1 rb+
"Apple MacBook Air 2017 i5 13"" 8GB RAM 256GB SSD Ori Box & Charger GR-B";Rp4.099.000;5.0;Terjual 50+
"Apple Macbook Air M1 Garansi Resmi 13"" 8GB 256GB - 256GB 512GB";Rp12.399.000;5.0;Terjual 100+
"Apple MacBook Pro 2023 M2 Pro Max 16"" RAM 32GB 16GB SSD 1TB 512GB";Rp38.010.000;5.0;Terjual 20
Apple Macbook PRO 2022 M2 Chip 13 inch RAM 8GB 256GB 512GB MNEH3 MNEJ3;Rp19.975.000;5.0;Terjual 100+
MGND3ID Apple Macbook Air 2020 13 M1 Chip 8C CPU 8GB 256ssd 7C GPU OS;Rp12.199.000;5.0;Terjual 60+
Apple MacBook Pro 2022 M2 Chip 13 Inch 256GB 512GB Grey Silver IBOX;Rp18.499.000;5.0;Terjual 250+
Apple Macbook PRO 2022 M2 Chip 13 inch RAM 16GB 256GB 512GB 1TB SSD;Rp18.649.000;4.9;Terjual 250+
Apple Macbook Pro M2 2022 13 inch - Garansi Resmi iBox Apple Indonesia;Rp19.549.000;5.0;Terjual 100+
"MacBook Air M1 Chip 8GB 256GB 512GB MGN63 MGND3 MGN73 MGNE3 13"" inch";Rp12.224.980;5.0;Terjual 100+
Macbook pro (15 inch 2016) Touchbar Core i7 Ram 16GB SSD 128-256GB;Rp7.500.000;5.0;Terjual 3
MacBook pro retina mid 2015 core i7 2.2 GHz 15 inch 16GB | 512GB MJLT2;Rp6.500.000;4.6;Terjual 17
Apple MacBook Pro M2 Pro Max 2023 16 & 14 Inch 1TB 512GB SSD 32GB 16GB;Rp28.749.000;5.0;Terjual 26
"Second Macbook Air 2015 13"" Core i5 128 256 512GB SSD - i5 4/128 SSD";Rp4.299.000;5.0;Terjual 30+
Apple MacBook Air 2022 M2 Chip 13 Inch 256GB 512GB Midnight Grey IBOX;Rp15.449.000;5.0;Terjual 250+
